brand,model,averageSellingPrice,fuelType,transmission,about
Hyundai,Mustang 2023,57740,Diesel,Automatic,"The Hyundai Mustang 2023 is a Diesel car with Automatic transmission. It is known for its reliability and performance, making it a popular choice for drivers."
Ford,C-Class 2018,39919,Diesel,Automatic,"The Ford C-Class 2018 is a Diesel car with Automatic transmission. It is known for its reliability and performance, making it a popular choice for drivers."
Toyota,X5 2023,35675,Diesel,Automatic,"The Toyota X5 2023 is a Diesel car with Automatic transmission. It is known for its reliability and performance, making it a popular choice for drivers."
Audi,Altima 2020,46800,Electric,Manual,"The Audi Altima 2020 is a Electric car with Manual transmission. It is known for its reliability and performance, making it a popular choice for drivers."
Ford,Elantra 2019,24359,Petrol,Manual,"The Ford Elantra 2019 is a Petrol car with Manual transmission. It is known for its reliability and performance, making it a popular choice for drivers."
Hyundai,A4 2019,65433,Electric,Automatic,"The Hyundai A4 2019 is a Electric car with Automatic transmission. It is known for its reliability and performance, making it a popular choice for drivers."
Hyundai,Model 3 2022,54981,Diesel,Automatic,"The Hyundai Model 3 2022 is a Diesel car with Automatic transmission. It is known for its reliability and performance, making it a popular choice for drivers."
Audi,Corolla 2021,46831,Diesel,Automatic,"The Audi Corolla 2021 is a Diesel car with Automatic transmission. It is known for its reliability and performance, making it a popular choice for drivers."
Nissan,C-Class 2019,63469,Diesel,Automatic,"The Nissan C-Class 2019 is a Diesel car with Automatic transmission. It is known for its reliability and performance, making it a popular choice for drivers."
Nissan,Mustang 2023,39838,Diesel,Manual,"The Nissan Mustang 2023 is a Diesel car with Manual transmission. It is known for its reliability and performance, making it a popular choice for drivers."
Volkswagen,A4 2020,65554,Petrol,Manual,"The Volkswagen A4 2020 is a Petrol car with Manual transmission. It is known for its reliability and performance, making it a popular choice for drivers."
Mercedes,A4 2023,51387,Electric,Manual,"The Mercedes A4 2023 is a Electric car with Manual transmission. It is known for its reliability and performance, making it a popular choice for drivers."
Hyundai,Golf 2021,32774,Petrol,Manual,"The Hyundai Golf 2021 is a Petrol car with Manual transmission. It is known for its reliability and performance, making it a popular choice for drivers."
Nissan,Elantra 2018,30397,Diesel,Manual,"The Nissan Elantra 2018 is a Diesel car with Manual transmission. It is known for its reliability and performance, making it a popular choice for drivers."
Hyundai,Model 3 2023,47970,Diesel,Manual,"The Hyundai Model 3 2023 is a Diesel car with Manual transmission. It is known for its reliability and performance, making it a popular choice for drivers."
Mercedes,Civic 2020,28443,Diesel,Manual,"The Mercedes Civic 2020 is a Diesel car with Manual transmission. It is known for its reliability and performance, making it a popular choice for drivers."
Nissan,Model 3 2020,37397,Petrol,Automatic,"The Nissan Model 3 2020 is a Petrol car with Automatic transmission. It is known for its reliability and performance, making it a popular choice for drivers."
Nissan,Corolla 2023,42224,Diesel,Automatic,"The Nissan Corolla 2023 is a Diesel car with Automatic transmission. It is known for its reliability and performance, making it a popular choice for drivers."
Tesla,Golf 2021,50540,Petrol,Automatic,"The Tesla Golf 2021 is a Petrol car with Automatic transmission. It is known for its reliability and performance, making it a popular choice for drivers."
Honda,Altima 2023,18915,Petrol,Automatic,"The Honda Altima 2023 is a Petrol car with Automatic transmission. It is known for its reliability and performance, making it a popular choice for drivers."
Tesla,Altima 2020,35805,Petrol,Manual,"The Tesla Altima 2020 is a Petrol car with Manual transmission. It is known for its reliability and performance, making it a popular choice for drivers."
Tesla,A4 2020,46898,Electric,Automatic,"The Tesla A4 2020 is a Electric car with Automatic transmission. It is known for its reliability and performance, making it a popular choice for drivers."
BMW,X5 2018,16299,Petrol,Automatic,"The BMW X5 2018 is a Petrol car with Automatic transmission. It is known for its reliability and performance, making it a popular choice for drivers."
Volkswagen,Civic 2022,40655,Diesel,Manual,"The Volkswagen Civic 2022 is a Diesel car with Manual transmission. It is known for its reliability and performance, making it a popular choice for drivers."
Mercedes,X5 2023,25129,Diesel,Manual,"The Mercedes X5 2023 is a Diesel car with Manual transmission. It is known for its reliability and performance, making it a popular choice for drivers."
Tesla,Mustang 2019,48918,Petrol,Manual,"The Tesla Mustang 2019 is a Petrol car with Manual transmission. It is known for its reliability and performance, making it a popular choice for drivers."
Audi,Elantra 2022,67514,Petrol,Automatic,"The Audi Elantra 2022 is a Petrol car with Automatic transmission. It is known for its reliability and performance, making it a popular choice for drivers."
BMW,Corolla 2019,62584,Diesel,Manual,"The BMW Corolla 2019 is a Diesel car with Manual transmission. It is known for its reliability and performance, making it a popular choice for drivers."
Audi,Mustang 2020,66116,Electric,Manual,"The Audi Mustang 2020 is a Electric car with Manual transmission. It is known for its reliability and performance, making it a popular choice for drivers."
Toyota,Model 3 2021,40488,Diesel,Manual,"The Toyota Model 3 2021 is a Diesel car with Manual transmission. It is known for its reliability and performance, making it a popular choice for drivers."
Honda,Mustang 2020,36749,Diesel,Manual,"The Honda Mustang 2020 is a Diesel car with Manual transmission. It is known for its reliability and performance, making it a popular choice for drivers."
Tesla,X5 2019,20504,Diesel,Manual,"The Tesla X5 2019 is a Diesel car with Manual transmission. It is known for its reliability and performance, making it a popular choice for drivers."
Honda,Mustang 2022,29615,Petrol,Manual,"The Honda Mustang 2022 is a Petrol car with Manual transmission. It is known for its reliability and performance, making it a popular choice for drivers."
Ford,Golf 2022,50987,Petrol,Manual,"The Ford Golf 2022 is a Petrol car with Manual transmission. It is known for its reliability and performance, making it a popular choice for drivers."
Tesla,Elantra 2022,42030,Petrol,Manual,"The Tesla Elantra 2022 is a Petrol car with Manual transmission. It is known for its reliability and performance, making it a popular choice for drivers."
Toyota,Altima 2023,45317,Petrol,Manual,"The Toyota Altima 2023 is a Petrol car with Manual transmission. It is known for its reliability and performance, making it a popular choice for drivers."
Audi,X5 2021,29628,Electric,Automatic,"The Audi X5 2021 is a Electric car with Automatic transmission. It is known for its reliability and performance, making it a popular choice for drivers."
Volkswagen,Golf 2023,49731,Petrol,Manual,"The Volkswagen Golf 2023 is a Petrol car with Manual transmission. It is known for its reliability and performance, making it a popular choice for drivers."
BMW,Elantra 2021,42752,Diesel,Automatic,"The BMW Elantra 2021 is a Diesel car with Automatic transmission. It is known for its reliability and performance, making it a popular choice for drivers."
Ford,Elantra 2023,45703,Petrol,Manual,"The Ford Elantra 2023 is a Petrol car with Manual transmission. It is known for its reliability and performance, making it a popular choice for drivers."
Hyundai,Mustang 2020,17248,Diesel,Automatic,"The Hyundai Mustang 2020 is a Diesel car with Automatic transmission. It is known for its reliability and performance, making it a popular choice for drivers."
Tesla,Golf 2022,67991,Electric,Manual,"The Tesla Golf 2022 is a Electric car with Manual transmission. It is known for its reliability and performance, making it a popular choice for drivers."
Nissan,Civic 2018,57535,Petrol,Automatic,"The Nissan Civic 2018 is a Petrol car with Automatic transmission. It is known for its reliability and performance, making it a popular choice for drivers."
Toyota,Mustang 2022,54964,Petrol,Manual,"The Toyota Mustang 2022 is a Petrol car with Manual transmission. It is known for its reliability and performance, making it a popular choice for drivers."
Volkswagen,Golf 2018,23727,Electric,Automatic,"The Volkswagen Golf 2018 is a Electric car with Automatic transmission. It is known for its reliability and performance, making it a popular choice for drivers."
Mercedes,Golf 2023,63647,Petrol,Manual,"The Mercedes Golf 2023 is a Petrol car with Manual transmission. It is known for its reliability and performance, making it a popular choice for drivers."
Hyundai,Altima 2019,18434,Electric,Automatic,"The Hyundai Altima 2019 is a Electric car with Automatic transmission. It is known for its reliability and performance, making it a popular choice for drivers."
Honda,Golf 2018,20030,Electric,Manual,"The Honda Golf 2018 is a Electric car with Manual transmission. It is known for its reliability and performance, making it a popular choice for drivers."
Ford,Altima 2019,62303,Diesel,Automatic,"The Ford Altima 2019 is a Diesel car with Automatic transmission. It is known for its reliability and performance, making it a popular choice for drivers."
Mercedes,Altima 2022,24139,Petrol,Automatic,"The Mercedes Altima 2022 is a Petrol car with Automatic transmission. It is known for its reliability and performance, making it a popular choice for drivers."
Hyundai,Mustang 2021,59081,Petrol,Manual,"The Hyundai Mustang 2021 is a Petrol car with Manual transmission. It is known for its reliability and performance, making it a popular choice for drivers."
Volkswagen,X5 2019,67173,Electric,Manual,"The Volkswagen X5 2019 is a Electric car with Manual transmission. It is known for its reliability and performance, making it a popular choice for drivers."
Honda,Elantra 2021,21903,Electric,Automatic,"The Honda Elantra 2021 is a Electric car with Automatic transmission. It is known for its reliability and performance, making it a popular choice for drivers."
Volkswagen,Golf 2020,40256,Petrol,Automatic,"The Volkswagen Golf 2020 is a Petrol car with Automatic transmission. It is known for its reliability and performance, making it a popular choice for drivers."
Nissan,C-Class 2021,17996,Diesel,Automatic,"The Nissan C-Class 2021 is a Diesel car with Automatic transmission. It is known for its reliability and performance, making it a popular choice for drivers."
Mercedes,C-Class 2019,23431,Petrol,Manual,"The Mercedes C-Class 2019 is a Petrol car with Manual transmission. It is known for its reliability and performance, making it a popular choice for drivers."
BMW,Mustang 2020,56528,Electric,Automatic,"The BMW Mustang 2020 is a Electric car with Automatic transmission. It is known for its reliability and performance, making it a popular choice for drivers."
Nissan,Model 3 2021,26969,Electric,Automatic,"The Nissan Model 3 2021 is a Electric car with Automatic transmission. It is known for its reliability and performance, making it a popular choice for drivers."
Hyundai,Civic 2022,69999,Petrol,Manual,"The Hyundai Civic 2022 is a Petrol car with Manual transmission. It is known for its reliability and performance, making it a popular choice for drivers."
Volkswagen,C-Class 2022,42663,Electric,Manual,"The Volkswagen C-Class 2022 is a Electric car with Manual transmission. It is known for its reliability and performance, making it a popular choice for drivers."
Tesla,Elantra 2023,34860,Electric,Manual,"The Tesla Elantra 2023 is a Electric car with Manual transmission. It is known for its reliability and performance, making it a popular choice for drivers."
Hyundai,Civic 2020,43865,Electric,Manual,"The Hyundai Civic 2020 is a Electric car with Manual transmission. It is known for its reliability and performance, making it a popular choice for drivers."
Toyota,X5 2021,49868,Electric,Manual,"The Toyota X5 2021 is a Electric car with Manual transmission. It is known for its reliability and performance, making it a popular choice for drivers."
Toyota,Elantra 2020,38584,Diesel,Automatic,"The Toyota Elantra 2020 is a Diesel car with Automatic transmission. It is known for its reliability and performance, making it a popular choice for drivers."
BMW,C-Class 2021,28829,Diesel,Automatic,"The BMW C-Class 2021 is a Diesel car with Automatic transmission. It is known for its reliability and performance, making it a popular choice for drivers."
Honda,Altima 2023,48173,Petrol,Manual,"The Honda Altima 2023 is a Petrol car with Manual transmission. It is known for its reliability and performance, making it a popular choice for drivers."
Tesla,C-Class 2019,66313,Diesel,Manual,"The Tesla C-Class 2019 is a Diesel car with Manual transmission. It is known for its reliability and performance, making it a popular choice for drivers."
BMW,Civic 2019,58389,Electric,Automatic,"The BMW Civic 2019 is a Electric car with Automatic transmission. It is known for its reliability and performance, making it a popular choice for drivers."
Mercedes,Corolla 2022,40863,Petrol,Manual,"The Mercedes Corolla 2022 is a Petrol car with Manual transmission. It is known for its reliability and performance, making it a popular choice for drivers."
Hyundai,C-Class 2021,63856,Petrol,Manual,"The Hyundai C-Class 2021 is a Petrol car with Manual transmission. It is known for its reliability and performance, making it a popular choice for drivers."
Mercedes,Altima 2020,63455,Petrol,Manual,"The Mercedes Altima 2020 is a Petrol car with Manual transmission. It is known for its reliability and performance, making it a popular choice for drivers."
Nissan,Model 3 2020,36127,Petrol,Automatic,"The Nissan Model 3 2020 is a Petrol car with Automatic transmission. It is known for its reliability and performance, making it a popular choice for drivers."
Nissan,Mustang 2021,57170,Diesel,Manual,"The Nissan Mustang 2021 is a Diesel car with Manual transmission. It is known for its reliability and performance, making it a popular choice for drivers."
Toyota,Civic 2022,30842,Electric,Automatic,"The Toyota Civic 2022 is a Electric car with Automatic transmission. It is known for its reliability and performance, making it a popular choice for drivers."
Tesla,Altima 2019,68966,Electric,Manual,"The Tesla Altima 2019 is a Electric car with Manual transmission. It is known for its reliability and performance, making it a popular choice for drivers."
Ford,X5 2021,32034,Petrol,Manual,"The Ford X5 2021 is a Petrol car with Manual transmission. It is known for its reliability and performance, making it a popular choice for drivers."
Tesla,Corolla 2018,63773,Diesel,Automatic,"The Tesla Corolla 2018 is a Diesel car with Automatic transmission. It is known for its reliability and performance, making it a popular choice for drivers."
Toyota,Civic 2020,15637,Petrol,Automatic,"The Toyota Civic 2020 is a Petrol car with Automatic transmission. It is known for its reliability and performance, making it a popular choice for drivers."
Honda,C-Class 2019,33600,Petrol,Automatic,"The Honda C-Class 2019 is a Petrol car with Automatic transmission. It is known for its reliability and performance, making it a popular choice for drivers."
Tesla,Corolla 2018,15493,Petrol,Automatic,"The Tesla Corolla 2018 is a Petrol car with Automatic transmission. It is known for its reliability and performance, making it a popular choice for drivers."
Nissan,Corolla 2022,65872,Electric,Automatic,"The Nissan Corolla 2022 is a Electric car with Automatic transmission. It is known for its reliability and performance, making it a popular choice for drivers."
Nissan,C-Class 2019,40345,Electric,Manual,"The Nissan C-Class 2019 is a Electric car with Manual transmission. It is known for its reliability and performance, making it a popular choice for drivers."
Hyundai,Civic 2021,44284,Electric,Manual,"The Hyundai Civic 2021 is a Electric car with Manual transmission. It is known for its reliability and performance, making it a popular choice for drivers."
Ford,Mustang 2018,17208,Petrol,Automatic,"The Ford Mustang 2018 is a Petrol car with Automatic transmission. It is known for its reliability and performance, making it a popular choice for drivers."
Ford,Elantra 2022,23128,Electric,Automatic,"The Ford Elantra 2022 is a Electric car with Automatic transmission. It is known for its reliability and performance, making it a popular choice for drivers."
Hyundai,C-Class 2018,43483,Electric,Automatic,"The Hyundai C-Class 2018 is a Electric car with Automatic transmission. It is known for its reliability and performance, making it a popular choice for drivers."
Volkswagen,Civic 2020,51874,Diesel,Manual,"The Volkswagen Civic 2020 is a Diesel car with Manual transmission. It is known for its reliability and performance, making it a popular choice for drivers."
Audi,C-Class 2022,68609,Petrol,Automatic,"The Audi C-Class 2022 is a Petrol car with Automatic transmission. It is known for its reliability and performance, making it a popular choice for drivers."
Audi,Mustang 2021,18382,Electric,Automatic,"The Audi Mustang 2021 is a Electric car with Automatic transmission. It is known for its reliability and performance, making it a popular choice for drivers."
Nissan,Golf 2022,15710,Electric,Manual,"The Nissan Golf 2022 is a Electric car with Manual transmission. It is known for its reliability and performance, making it a popular choice for drivers."
Audi,A4 2021,31829,Electric,Manual,"The Audi A4 2021 is a Electric car with Manual transmission. It is known for its reliability and performance, making it a popular choice for drivers."
Toyota,Corolla 2018,36111,Petrol,Automatic,"The Toyota Corolla 2018 is a Petrol car with Automatic transmission. It is known for its reliability and performance, making it a popular choice for drivers."
Audi,Civic 2020,67815,Diesel,Automatic,"The Audi Civic 2020 is a Diesel car with Automatic transmission. It is known for its reliability and performance, making it a popular choice for drivers."
Hyundai,Civic 2019,19580,Electric,Automatic,"The Hyundai Civic 2019 is a Electric car with Automatic transmission. It is known for its reliability and performance, making it a popular choice for drivers."
Mercedes,Golf 2019,17805,Diesel,Manual,"The Mercedes Golf 2019 is a Diesel car with Manual transmission. It is known for its reliability and performance, making it a popular choice for drivers."
Tesla,Model 3 2021,31028,Diesel,Manual,"The Tesla Model 3 2021 is a Diesel car with Manual transmission. It is known for its reliability and performance, making it a popular choice for drivers."
Hyundai,Altima 2020,50695,Diesel,Manual,"The Hyundai Altima 2020 is a Diesel car with Manual transmission. It is known for its reliability and performance, making it a popular choice for drivers."
Toyota,X5 2023,45435,Diesel,Automatic,"The Toyota X5 2023 is a Diesel car with Automatic transmission. It is known for its reliability and performance, making it a popular choice for drivers."
Volkswagen,C-Class 2023,52923,Electric,Automatic,"The Volkswagen C-Class 2023 is a Electric car with Automatic transmission. It is known for its reliability and performance, making it a popular choice for drivers."
Nissan,Altima 2022,28556,Electric,Manual,"The Nissan Altima 2022 is a Electric car with Manual transmission. It is known for its reliability and performance, making it a popular choice for drivers."
Ford,Mustang 2023,31252,Diesel,Manual,"The Ford Mustang 2023 is a Diesel car with Manual transmission. It is known for its reliability and performance, making it a popular choice for drivers."
Tesla,Golf 2019,17336,Petrol,Manual,"The Tesla Golf 2019 is a Petrol car with Manual transmission. It is known for its reliability and performance, making it a popular choice for drivers."
Audi,X5 2022,31565,Diesel,Automatic,"The Audi X5 2022 is a Diesel car with Automatic transmission. It is known for its reliability and performance, making it a popular choice for drivers."
Hyundai,X5 2018,45989,Petrol,Manual,"The Hyundai X5 2018 is a Petrol car with Manual transmission. It is known for its reliability and performance, making it a popular choice for drivers."
BMW,C-Class 2023,69635,Electric,Manual,"The BMW C-Class 2023 is a Electric car with Manual transmission. It is known for its reliability and performance, making it a popular choice for drivers."
Nissan,Mustang 2019,42333,Diesel,Manual,"The Nissan Mustang 2019 is a Diesel car with Manual transmission. It is known for its reliability and performance, making it a popular choice for drivers."
Mercedes,X5 2023,17565,Electric,Manual,"The Mercedes X5 2023 is a Electric car with Manual transmission. It is known for its reliability and performance, making it a popular choice for drivers."
Nissan,Golf 2020,33055,Diesel,Manual,"The Nissan Golf 2020 is a Diesel car with Manual transmission. It is known for its reliability and performance, making it a popular choice for drivers."
Ford,Mustang 2022,65606,Petrol,Automatic,"The Ford Mustang 2022 is a Petrol car with Automatic transmission. It is known for its reliability and performance, making it a popular choice for drivers."
Nissan,X5 2021,15097,Diesel,Manual,"The Nissan X5 2021 is a Diesel car with Manual transmission. It is known for its reliability and performance, making it a popular choice for drivers."
BMW,Model 3 2019,60912,Petrol,Manual,"The BMW Model 3 2019 is a Petrol car with Manual transmission. It is known for its reliability and performance, making it a popular choice for drivers."
Nissan,Civic 2020,43035,Diesel,Automatic,"The Nissan Civic 2020 is a Diesel car with Automatic transmission. It is known for its reliability and performance, making it a popular choice for drivers."
Ford,X5 2023,25197,Petrol,Manual,"The Ford X5 2023 is a Petrol car with Manual transmission. It is known for its reliability and performance, making it a popular choice for drivers."
Honda,C-Class 2019,52377,Diesel,Manual,"The Honda C-Class 2019 is a Diesel car with Manual transmission. It is known for its reliability and performance, making it a popular choice for drivers."
Volkswagen,Corolla 2022,47115,Diesel,Automatic,"The Volkswagen Corolla 2022 is a Diesel car with Automatic transmission. It is known for its reliability and performance, making it a popular choice for drivers."
Nissan,Altima 2021,52187,Petrol,Automatic,"The Nissan Altima 2021 is a Petrol car with Automatic transmission. It is known for its reliability and performance, making it a popular choice for drivers."
Ford,A4 2020,64210,Petrol,Manual,"The Ford A4 2020 is a Petrol car with Manual transmission. It is known for its reliability and performance, making it a popular choice for drivers."
Toyota,Elantra 2019,64278,Electric,Manual,"The Toyota Elantra 2019 is a Electric car with Manual transmission. It is known for its reliability and performance, making it a popular choice for drivers."
Volkswagen,A4 2020,49823,Petrol,Automatic,"The Volkswagen A4 2020 is a Petrol car with Automatic transmission. It is known for its reliability and performance, making it a popular choice for drivers."
Mercedes,Mustang 2019,38310,Diesel,Manual,"The Mercedes Mustang 2019 is a Diesel car with Manual transmission. It is known for its reliability and performance, making it a popular choice for drivers."
Hyundai,Civic 2022,26940,Petrol,Automatic,"The Hyundai Civic 2022 is a Petrol car with Automatic transmission. It is known for its reliability and performance, making it a popular choice for drivers."
Volkswagen,C-Class 2021,29633,Electric,Automatic,"The Volkswagen C-Class 2021 is a Electric car with Automatic transmission. It is known for its reliability and performance, making it a popular choice for drivers."
Volkswagen,Mustang 2020,67903,Diesel,Manual,"The Volkswagen Mustang 2020 is a Diesel car with Manual transmission. It is known for its reliability and performance, making it a popular choice for drivers."
Volkswagen,A4 2021,43747,Electric,Automatic,"The Volkswagen A4 2021 is a Electric car with Automatic transmission. It is known for its reliability and performance, making it a popular choice for drivers."
Hyundai,A4 2023,63358,Electric,Automatic,"The Hyundai A4 2023 is a Electric car with Automatic transmission. It is known for its reliability and performance, making it a popular choice for drivers."
Nissan,Mustang 2021,47282,Electric,Automatic,"The Nissan Mustang 2021 is a Electric car with Automatic transmission. It is known for its reliability and performance, making it a popular choice for drivers."
Audi,X5 2019,25243,Electric,Automatic,"The Audi X5 2019 is a Electric car with Automatic transmission. It is known for its reliability and performance, making it a popular choice for drivers."
Audi,Elantra 2020,51982,Petrol,Manual,"The Audi Elantra 2020 is a Petrol car with Manual transmission. It is known for its reliability and performance, making it a popular choice for drivers."
Hyundai,A4 2022,26408,Petrol,Automatic,"The Hyundai A4 2022 is a Petrol car with Automatic transmission. It is known for its reliability and performance, making it a popular choice for drivers."
Honda,Civic 2022,22187,Diesel,Automatic,"The Honda Civic 2022 is a Diesel car with Automatic transmission. It is known for its reliability and performance, making it a popular choice for drivers."
Audi,Civic 2020,59692,Petrol,Manual,"The Audi Civic 2020 is a Petrol car with Manual transmission. It is known for its reliability and performance, making it a popular choice for drivers."
Volkswagen,Elantra 2018,66380,Electric,Manual,"The Volkswagen Elantra 2018 is a Electric car with Manual transmission. It is known for its reliability and performance, making it a popular choice for drivers."
Volkswagen,X5 2021,38537,Diesel,Manual,"The Volkswagen X5 2021 is a Diesel car with Manual transmission. It is known for its reliability and performance, making it a popular choice for drivers."
Volkswagen,C-Class 2018,25798,Petrol,Manual,"The Volkswagen C-Class 2018 is a Petrol car with Manual transmission. It is known for its reliability and performance, making it a popular choice for drivers."
BMW,Corolla 2020,33379,Petrol,Automatic,"The BMW Corolla 2020 is a Petrol car with Automatic transmission. It is known for its reliability and performance, making it a popular choice for drivers."
Volkswagen,X5 2022,33315,Diesel,Manual,"The Volkswagen X5 2022 is a Diesel car with Manual transmission. It is known for its reliability and performance, making it a popular choice for drivers."
Tesla,Elantra 2020,18521,Electric,Manual,"The Tesla Elantra 2020 is a Electric car with Manual transmission. It is known for its reliability and performance, making it a popular choice for drivers."
Volkswagen,Corolla 2019,36699,Diesel,Automatic,"The Volkswagen Corolla 2019 is a Diesel car with Automatic transmission. It is known for its reliability and performance, making it a popular choice for drivers."
BMW,A4 2018,55142,Diesel,Automatic,"The BMW A4 2018 is a Diesel car with Automatic transmission. It is known for its reliability and performance, making it a popular choice for drivers."
Toyota,Model 3 2021,36935,Diesel,Automatic,"The Toyota Model 3 2021 is a Diesel car with Automatic transmission. It is known for its reliability and performance, making it a popular choice for drivers."
Ford,X5 2018,69071,Petrol,Automatic,"The Ford X5 2018 is a Petrol car with Automatic transmission. It is known for its reliability and performance, making it a popular choice for drivers."
Mercedes,A4 2019,54078,Diesel,Automatic,"The Mercedes A4 2019 is a Diesel car with Automatic transmission. It is known for its reliability and performance, making it a popular choice for drivers."
Honda,Mustang 2022,44444,Petrol,Automatic,"The Honda Mustang 2022 is a Petrol car with Automatic transmission. It is known for its reliability and performance, making it a popular choice for drivers."
Toyota,Altima 2022,69673,Electric,Automatic,"The Toyota Altima 2022 is a Electric car with Automatic transmission. It is known for its reliability and performance, making it a popular choice for drivers."
Ford,Corolla 2023,27885,Petrol,Automatic,"The Ford Corolla 2023 is a Petrol car with Automatic transmission. It is known for its reliability and performance, making it a popular choice for drivers."
Tesla,Civic 2021,56945,Electric,Manual,"The Tesla Civic 2021 is a Electric car with Manual transmission. It is known for its reliability and performance, making it a popular choice for drivers."
Ford,Civic 2020,22495,Electric,Manual,"The Ford Civic 2020 is a Electric car with Manual transmission. It is known for its reliability and performance, making it a popular choice for drivers."
BMW,A4 2018,25511,Electric,Manual,"The BMW A4 2018 is a Electric car with Manual transmission. It is known for its reliability and performance, making it a popular choice for drivers."
Honda,Golf 2023,27229,Electric,Manual,"The Honda Golf 2023 is a Electric car with Manual transmission. It is known for its reliability and performance, making it a popular choice for drivers."
Hyundai,Model 3 2018,46039,Diesel,Automatic,"The Hyundai Model 3 2018 is a Diesel car with Automatic transmission. It is known for its reliability and performance, making it a popular choice for drivers."
Toyota,Golf 2022,24834,Diesel,Manual,"The Toyota Golf 2022 is a Diesel car with Manual transmission. It is known for its reliability and performance, making it a popular choice for drivers."
Hyundai,Corolla 2021,60682,Petrol,Manual,"The Hyundai Corolla 2021 is a Petrol car with Manual transmission. It is known for its reliability and performance, making it a popular choice for drivers."
Mercedes,Golf 2022,67834,Petrol,Automatic,"The Mercedes Golf 2022 is a Petrol car with Automatic transmission. It is known for its reliability and performance, making it a popular choice for drivers."
Hyundai,Altima 2021,61655,Diesel,Manual,"The Hyundai Altima 2021 is a Diesel car with Manual transmission. It is known for its reliability and performance, making it a popular choice for drivers."
Audi,Golf 2020,63646,Electric,Manual,"The Audi Golf 2020 is a Electric car with Manual transmission. It is known for its reliability and performance, making it a popular choice for drivers."
Hyundai,C-Class 2018,43751,Diesel,Automatic,"The Hyundai C-Class 2018 is a Diesel car with Automatic transmission. It is known for its reliability and performance, making it a popular choice for drivers."
Honda,Altima 2020,22211,Petrol,Automatic,"The Honda Altima 2020 is a Petrol car with Automatic transmission. It is known for its reliability and performance, making it a popular choice for drivers."
Nissan,Elantra 2021,45953,Diesel,Manual,"The Nissan Elantra 2021 is a Diesel car with Manual transmission. It is known for its reliability and performance, making it a popular choice for drivers."
BMW,Golf 2021,51570,Petrol,Automatic,"The BMW Golf 2021 is a Petrol car with Automatic transmission. It is known for its reliability and performance, making it a popular choice for drivers."
Toyota,Civic 2022,30731,Petrol,Automatic,"The Toyota Civic 2022 is a Petrol car with Automatic transmission. It is known for its reliability and performance, making it a popular choice for drivers."
Ford,Corolla 2021,63394,Diesel,Automatic,"The Ford Corolla 2021 is a Diesel car with Automatic transmission. It is known for its reliability and performance, making it a popular choice for drivers."
Audi,Golf 2021,27187,Diesel,Manual,"The Audi Golf 2021 is a Diesel car with Manual transmission. It is known for its reliability and performance, making it a popular choice for drivers."
Mercedes,Mustang 2019,68826,Diesel,Manual,"The Mercedes Mustang 2019 is a Diesel car with Manual transmission. It is known for its reliability and performance, making it a popular choice for drivers."
Toyota,Elantra 2020,40770,Petrol,Automatic,"The Toyota Elantra 2020 is a Petrol car with Automatic transmission. It is known for its reliability and performance, making it a popular choice for drivers."
Volkswagen,Altima 2018,36781,Petrol,Manual,"The Volkswagen Altima 2018 is a Petrol car with Manual transmission. It is known for its reliability and performance, making it a popular choice for drivers."
Toyota,Corolla 2020,43060,Electric,Manual,"The Toyota Corolla 2020 is a Electric car with Manual transmission. It is known for its reliability and performance, making it a popular choice for drivers."
Audi,Golf 2019,44710,Electric,Automatic,"The Audi Golf 2019 is a Electric car with Automatic transmission. It is known for its reliability and performance, making it a popular choice for drivers."
Volkswagen,Elantra 2019,43964,Petrol,Automatic,"The Volkswagen Elantra 2019 is a Petrol car with Automatic transmission. It is known for its reliability and performance, making it a popular choice for drivers."
Volkswagen,Civic 2021,57922,Petrol,Automatic,"The Volkswagen Civic 2021 is a Petrol car with Automatic transmission. It is known for its reliability and performance, making it a popular choice for drivers."
Honda,A4 2021,22472,Electric,Automatic,"The Honda A4 2021 is a Electric car with Automatic transmission. It is known for its reliability and performance, making it a popular choice for drivers."
Mercedes,Elantra 2019,46741,Diesel,Automatic,"The Mercedes Elantra 2019 is a Diesel car with Automatic transmission. It is known for its reliability and performance, making it a popular choice for drivers."
Toyota,Altima 2023,15014,Diesel,Automatic,"The Toyota Altima 2023 is a Diesel car with Automatic transmission. It is known for its reliability and performance, making it a popular choice for drivers."
Tesla,Altima 2019,27325,Diesel,Automatic,"The Tesla Altima 2019 is a Diesel car with Automatic transmission. It is known for its reliability and performance, making it a popular choice for drivers."
Tesla,Mustang 2020,15761,Diesel,Automatic,"The Tesla Mustang 2020 is a Diesel car with Automatic transmission. It is known for its reliability and performance, making it a popular choice for drivers."
Ford,C-Class 2019,68825,Petrol,Automatic,"The Ford C-Class 2019 is a Petrol car with Automatic transmission. It is known for its reliability and performance, making it a popular choice for drivers."
Mercedes,X5 2022,42261,Electric,Manual,"The Mercedes X5 2022 is a Electric car with Manual transmission. It is known for its reliability and performance, making it a popular choice for drivers."
Ford,C-Class 2019,23097,Diesel,Automatic,"The Ford C-Class 2019 is a Diesel car with Automatic transmission. It is known for its reliability and performance, making it a popular choice for drivers."
Nissan,X5 2020,22961,Diesel,Manual,"The Nissan X5 2020 is a Diesel car with Manual transmission. It is known for its reliability and performance, making it a popular choice for drivers."
Mercedes,Civic 2018,34617,Petrol,Automatic,"The Mercedes Civic 2018 is a Petrol car with Automatic transmission. It is known for its reliability and performance, making it a popular choice for drivers."
Hyundai,Altima 2019,53186,Electric,Manual,"The Hyundai Altima 2019 is a Electric car with Manual transmission. It is known for its reliability and performance, making it a popular choice for drivers."
Tesla,Elantra 2019,17872,Petrol,Manual,"The Tesla Elantra 2019 is a Petrol car with Manual transmission. It is known for its reliability and performance, making it a popular choice for drivers."
BMW,Corolla 2023,34559,Petrol,Automatic,"The BMW Corolla 2023 is a Petrol car with Automatic transmission. It is known for its reliability and performance, making it a popular choice for drivers."
Tesla,Mustang 2019,19289,Petrol,Automatic,"The Tesla Mustang 2019 is a Petrol car with Automatic transmission. It is known for its reliability and performance, making it a popular choice for drivers."
Hyundai,Civic 2023,65941,Petrol,Automatic,"The Hyundai Civic 2023 is a Petrol car with Automatic transmission. It is known for its reliability and performance, making it a popular choice for drivers."
Hyundai,Model 3 2023,28654,Petrol,Automatic,"The Hyundai Model 3 2023 is a Petrol car with Automatic transmission. It is known for its reliability and performance, making it a popular choice for drivers."
Volkswagen,Model 3 2023,59695,Electric,Manual,"The Volkswagen Model 3 2023 is a Electric car with Manual transmission. It is known for its reliability and performance, making it a popular choice for drivers."
Toyota,Elantra 2021,46376,Diesel,Manual,"The Toyota Elantra 2021 is a Diesel car with Manual transmission. It is known for its reliability and performance, making it a popular choice for drivers."
Toyota,Mustang 2023,61917,Diesel,Manual,"The Toyota Mustang 2023 is a Diesel car with Manual transmission. It is known for its reliability and performance, making it a popular choice for drivers."
Honda,Mustang 2019,58701,Electric,Automatic,"The Honda Mustang 2019 is a Electric car with Automatic transmission. It is known for its reliability and performance, making it a popular choice for drivers."
Volkswagen,Civic 2020,38319,Petrol,Manual,"The Volkswagen Civic 2020 is a Petrol car with Manual transmission. It is known for its reliability and performance, making it a popular choice for drivers."
Toyota,Elantra 2022,47627,Electric,Automatic,"The Toyota Elantra 2022 is a Electric car with Automatic transmission. It is known for its reliability and performance, making it a popular choice for drivers."
Audi,Corolla 2023,53517,Diesel,Manual,"The Audi Corolla 2023 is a Diesel car with Manual transmission. It is known for its reliability and performance, making it a popular choice for drivers."
Hyundai,Civic 2023,67255,Petrol,Automatic,"The Hyundai Civic 2023 is a Petrol car with Automatic transmission. It is known for its reliability and performance, making it a popular choice for drivers."
Mercedes,C-Class 2022,47011,Electric,Manual,"The Mercedes C-Class 2022 is a Electric car with Manual transmission. It is known for its reliability and performance, making it a popular choice for drivers."
Honda,Altima 2020,25237,Electric,Automatic,"The Honda Altima 2020 is a Electric car with Automatic transmission. It is known for its reliability and performance, making it a popular choice for drivers."
Nissan,Corolla 2019,46321,Diesel,Manual,"The Nissan Corolla 2019 is a Diesel car with Manual transmission. It is known for its reliability and performance, making it a popular choice for drivers."
Nissan,Civic 2020,19430,Petrol,Manual,"The Nissan Civic 2020 is a Petrol car with Manual transmission. It is known for its reliability and performance, making it a popular choice for drivers."
Ford,Model 3 2021,43997,Diesel,Automatic,"The Ford Model 3 2021 is a Diesel car with Automatic transmission. It is known for its reliability and performance, making it a popular choice for drivers."
Toyota,Corolla 2018,56204,Electric,Automatic,"The Toyota Corolla 2018 is a Electric car with Automatic transmission. It is known for its reliability and performance, making it a popular choice for drivers."
Mercedes,Civic 2022,42141,Electric,Automatic,"The Mercedes Civic 2022 is a Electric car with Automatic transmission. It is known for its reliability and performance, making it a popular choice for drivers."
Honda,Corolla 2018,30118,Petrol,Manual,"The Honda Corolla 2018 is a Petrol car with Manual transmission. It is known for its reliability and performance, making it a popular choice for drivers."
Ford,Elantra 2022,57849,Electric,Automatic,"The Ford Elantra 2022 is a Electric car with Automatic transmission. It is known for its reliability and performance, making it a popular choice for drivers."
Tesla,Civic 2019,40604,Petrol,Automatic,"The Tesla Civic 2019 is a Petrol car with Automatic transmission. It is known for its reliability and performance, making it a popular choice for drivers."
Audi,C-Class 2021,19877,Diesel,Automatic,"The Audi C-Class 2021 is a Diesel car with Automatic transmission. It is known for its reliability and performance, making it a popular choice for drivers."
Ford,Mustang 2022,29543,Diesel,Manual,"The Ford Mustang 2022 is a Diesel car with Manual transmission. It is known for its reliability and performance, making it a popular choice for drivers."
BMW,Golf 2019,27365,Diesel,Manual,"The BMW Golf 2019 is a Diesel car with Manual transmission. It is known for its reliability and performance, making it a popular choice for drivers."
Nissan,Elantra 2021,67357,Petrol,Manual,"The Nissan Elantra 2021 is a Petrol car with Manual transmission. It is known for its reliability and performance, making it a popular choice for drivers."
Honda,Civic 2021,67503,Petrol,Automatic,"The Honda Civic 2021 is a Petrol car with Automatic transmission. It is known for its reliability and performance, making it a popular choice for drivers."
Nissan,Elantra 2018,23042,Diesel,Automatic,"The Nissan Elantra 2018 is a Diesel car with Automatic transmission. It is known for its reliability and performance, making it a popular choice for drivers."
Honda,Corolla 2023,45107,Diesel,Manual,"The Honda Corolla 2023 is a Diesel car with Manual transmission. It is known for its reliability and performance, making it a popular choice for drivers."
Volkswagen,Corolla 2021,15932,Electric,Manual,"The Volkswagen Corolla 2021 is a Electric car with Manual transmission. It is known for its reliability and performance, making it a popular choice for drivers."
Mercedes,Altima 2021,19218,Diesel,Automatic,"The Mercedes Altima 2021 is a Diesel car with Automatic transmission. It is known for its reliability and performance, making it a popular choice for drivers."
Volkswagen,Altima 2023,48206,Diesel,Manual,"The Volkswagen Altima 2023 is a Diesel car with Manual transmission. It is known for its reliability and performance, making it a popular choice for drivers."
Ford,C-Class 2019,34380,Diesel,Automatic,"The Ford C-Class 2019 is a Diesel car with Automatic transmission. It is known for its reliability and performance, making it a popular choice for drivers."
Toyota,Model 3 2019,35387,Petrol,Manual,"The Toyota Model 3 2019 is a Petrol car with Manual transmission. It is known for its reliability and performance, making it a popular choice for drivers."
Tesla,Altima 2018,40741,Petrol,Manual,"The Tesla Altima 2018 is a Petrol car with Manual transmission. It is known for its reliability and performance, making it a popular choice for drivers."
Honda,Elantra 2020,26024,Electric,Automatic,"The Honda Elantra 2020 is a Electric car with Automatic transmission. It is known for its reliability and performance, making it a popular choice for drivers."
BMW,Mustang 2023,32315,Diesel,Manual,"The BMW Mustang 2023 is a Diesel car with Manual transmission. It is known for its reliability and performance, making it a popular choice for drivers."
Hyundai,Golf 2020,54257,Petrol,Automatic,"The Hyundai Golf 2020 is a Petrol car with Automatic transmission. It is known for its reliability and performance, making it a popular choice for drivers."
Mercedes,Civic 2020,53042,Petrol,Automatic,"The Mercedes Civic 2020 is a Petrol car with Automatic transmission. It is known for its reliability and performance, making it a popular choice for drivers."
BMW,Corolla 2020,42351,Electric,Automatic,"The BMW Corolla 2020 is a Electric car with Automatic transmission. It is known for its reliability and performance, making it a popular choice for drivers."
Mercedes,C-Class 2018,49618,Diesel,Automatic,"The Mercedes C-Class 2018 is a Diesel car with Automatic transmission. It is known for its reliability and performance, making it a popular choice for drivers."
Ford,Golf 2020,36264,Diesel,Manual,"The Ford Golf 2020 is a Diesel car with Manual transmission. It is known for its reliability and performance, making it a popular choice for drivers."
Nissan,A4 2019,53883,Petrol,Manual,"The Nissan A4 2019 is a Petrol car with Manual transmission. It is known for its reliability and performance, making it a popular choice for drivers."
Toyota,Elantra 2023,39751,Diesel,Automatic,"The Toyota Elantra 2023 is a Diesel car with Automatic transmission. It is known for its reliability and performance, making it a popular choice for drivers."
Volkswagen,X5 2023,55453,Petrol,Automatic,"The Volkswagen X5 2023 is a Petrol car with Automatic transmission. It is known for its reliability and performance, making it a popular choice for drivers."
Ford,Model 3 2020,30239,Petrol,Manual,"The Ford Model 3 2020 is a Petrol car with Manual transmission. It is known for its reliability and performance, making it a popular choice for drivers."
Tesla,Model 3 2021,62307,Electric,Manual,"The Tesla Model 3 2021 is a Electric car with Manual transmission. It is known for its reliability and performance, making it a popular choice for drivers."
BMW,Altima 2022,47372,Diesel,Manual,"The BMW Altima 2022 is a Diesel car with Manual transmission. It is known for its reliability and performance, making it a popular choice for drivers."
BMW,Corolla 2022,46249,Petrol,Manual,"The BMW Corolla 2022 is a Petrol car with Manual transmission. It is known for its reliability and performance, making it a popular choice for drivers."
Nissan,Golf 2022,62151,Petrol,Manual,"The Nissan Golf 2022 is a Petrol car with Manual transmission. It is known for its reliability and performance, making it a popular choice for drivers."
Mercedes,Mustang 2022,27074,Diesel,Manual,"The Mercedes Mustang 2022 is a Diesel car with Manual transmission. It is known for its reliability and performance, making it a popular choice for drivers."
Audi,Elantra 2023,67206,Petrol,Automatic,"The Audi Elantra 2023 is a Petrol car with Automatic transmission. It is known for its reliability and performance, making it a popular choice for drivers."
Audi,Model 3 2021,27119,Electric,Manual,"The Audi Model 3 2021 is a Electric car with Manual transmission. It is known for its reliability and performance, making it a popular choice for drivers."
Tesla,Model 3 2023,17581,Diesel,Manual,"The Tesla Model 3 2023 is a Diesel car with Manual transmission. It is known for its reliability and performance, making it a popular choice for drivers."
Nissan,Corolla 2020,50766,Electric,Manual,"The Nissan Corolla 2020 is a Electric car with Manual transmission. It is known for its reliability and performance, making it a popular choice for drivers."
Volkswagen,Mustang 2021,62976,Petrol,Automatic,"The Volkswagen Mustang 2021 is a Petrol car with Automatic transmission. It is known for its reliability and performance, making it a popular choice for drivers."
Ford,C-Class 2019,42916,Diesel,Manual,"The Ford C-Class 2019 is a Diesel car with Manual transmission. It is known for its reliability and performance, making it a popular choice for drivers."
Volkswagen,Model 3 2022,49049,Electric,Automatic,"The Volkswagen Model 3 2022 is a Electric car with Automatic transmission. It is known for its reliability and performance, making it a popular choice for drivers."
Ford,X5 2019,59381,Electric,Manual,"The Ford X5 2019 is a Electric car with Manual transmission. It is known for its reliability and performance, making it a popular choice for drivers."
Audi,Corolla 2021,33087,Electric,Manual,"The Audi Corolla 2021 is a Electric car with Manual transmission. It is known for its reliability and performance, making it a popular choice for drivers."
Volkswagen,Corolla 2018,33583,Diesel,Manual,"The Volkswagen Corolla 2018 is a Diesel car with Manual transmission. It is known for its reliability and performance, making it a popular choice for drivers."
Toyota,A4 2020,42749,Diesel,Manual,"The Toyota A4 2020 is a Diesel car with Manual transmission. It is known for its reliability and performance, making it a popular choice for drivers."
BMW,X5 2023,63202,Petrol,Automatic,"The BMW X5 2023 is a Petrol car with Automatic transmission. It is known for its reliability and performance, making it a popular choice for drivers."
Honda,Golf 2018,65980,Petrol,Automatic,"The Honda Golf 2018 is a Petrol car with Automatic transmission. It is known for its reliability and performance, making it a popular choice for drivers."
BMW,A4 2020,59248,Diesel,Automatic,"The BMW A4 2020 is a Diesel car with Automatic transmission. It is known for its reliability and performance, making it a popular choice for drivers."
Hyundai,C-Class 2022,25291,Electric,Manual,"The Hyundai C-Class 2022 is a Electric car with Manual transmission. It is known for its reliability and performance, making it a popular choice for drivers."
Volkswagen,Civic 2020,30536,Electric,Automatic,"The Volkswagen Civic 2020 is a Electric car with Automatic transmission. It is known for its reliability and performance, making it a popular choice for drivers."
Toyota,C-Class 2023,40674,Diesel,Automatic,"The Toyota C-Class 2023 is a Diesel car with Automatic transmission. It is known for its reliability and performance, making it a popular choice for drivers."
Honda,X5 2020,64571,Electric,Manual,"The Honda X5 2020 is a Electric car with Manual transmission. It is known for its reliability and performance, making it a popular choice for drivers."
Honda,Model 3 2022,30496,Electric,Automatic,"The Honda Model 3 2022 is a Electric car with Automatic transmission. It is known for its reliability and performance, making it a popular choice for drivers."
Toyota,Elantra 2018,69979,Electric,Automatic,"The Toyota Elantra 2018 is a Electric car with Automatic transmission. It is known for its reliability and performance, making it a popular choice for drivers."
Honda,A4 2018,58527,Electric,Manual,"The Honda A4 2018 is a Electric car with Manual transmission. It is known for its reliability and performance, making it a popular choice for drivers."
Tesla,Corolla 2018,69718,Petrol,Automatic,"The Tesla Corolla 2018 is a Petrol car with Automatic transmission. It is known for its reliability and performance, making it a popular choice for drivers."
Volkswagen,Mustang 2022,53334,Petrol,Automatic,"The Volkswagen Mustang 2022 is a Petrol car with Automatic transmission. It is known for its reliability and performance, making it a popular choice for drivers."
Mercedes,Altima 2018,34373,Diesel,Manual,"The Mercedes Altima 2018 is a Diesel car with Manual transmission. It is known for its reliability and performance, making it a popular choice for drivers."
Toyota,X5 2022,49283,Diesel,Automatic,"The Toyota X5 2022 is a Diesel car with Automatic transmission. It is known for its reliability and performance, making it a popular choice for drivers."
BMW,Civic 2020,44338,Diesel,Automatic,"The BMW Civic 2020 is a Diesel car with Automatic transmission. It is known for its reliability and performance, making it a popular choice for drivers."
Toyota,Model 3 2020,64728,Electric,Automatic,"The Toyota Model 3 2020 is a Electric car with Automatic transmission. It is known for its reliability and performance, making it a popular choice for drivers."
Nissan,Corolla 2020,60918,Electric,Automatic,"The Nissan Corolla 2020 is a Electric car with Automatic transmission. It is known for its reliability and performance, making it a popular choice for drivers."
Ford,Elantra 2019,67476,Petrol,Automatic,"The Ford Elantra 2019 is a Petrol car with Automatic transmission. It is known for its reliability and performance, making it a popular choice for drivers."
Mercedes,Mustang 2020,46965,Diesel,Automatic,"The Mercedes Mustang 2020 is a Diesel car with Automatic transmission. It is known for its reliability and performance, making it a popular choice for drivers."
BMW,A4 2020,53061,Petrol,Automatic,"The BMW A4 2020 is a Petrol car with Automatic transmission. It is known for its reliability and performance, making it a popular choice for drivers."
Volkswagen,Altima 2018,44479,Electric,Automatic,"The Volkswagen Altima 2018 is a Electric car with Automatic transmission. It is known for its reliability and performance, making it a popular choice for drivers."
Tesla,Corolla 2019,21926,Diesel,Manual,"The Tesla Corolla 2019 is a Diesel car with Manual transmission. It is known for its reliability and performance, making it a popular choice for drivers."
Ford,Civic 2020,54297,Electric,Manual,"The Ford Civic 2020 is a Electric car with Manual transmission. It is known for its reliability and performance, making it a popular choice for drivers."
Volkswagen,C-Class 2018,35547,Electric,Manual,"The Volkswagen C-Class 2018 is a Electric car with Manual transmission. It is known for its reliability and performance, making it a popular choice for drivers."
Honda,Altima 2019,25469,Electric,Automatic,"The Honda Altima 2019 is a Electric car with Automatic transmission. It is known for its reliability and performance, making it a popular choice for drivers."
Ford,Civic 2018,55019,Petrol,Automatic,"The Ford Civic 2018 is a Petrol car with Automatic transmission. It is known for its reliability and performance, making it a popular choice for drivers."
Mercedes,Civic 2023,56619,Diesel,Manual,"The Mercedes Civic 2023 is a Diesel car with Manual transmission. It is known for its reliability and performance, making it a popular choice for drivers."
BMW,Model 3 2020,60582,Diesel,Manual,"The BMW Model 3 2020 is a Diesel car with Manual transmission. It is known for its reliability and performance, making it a popular choice for drivers."
Volkswagen,Civic 2018,38732,Petrol,Automatic,"The Volkswagen Civic 2018 is a Petrol car with Automatic transmission. It is known for its reliability and performance, making it a popular choice for drivers."
Volkswagen,Corolla 2023,51691,Diesel,Automatic,"The Volkswagen Corolla 2023 is a Diesel car with Automatic transmission. It is known for its reliability and performance, making it a popular choice for drivers."
BMW,A4 2018,64654,Diesel,Automatic,"The BMW A4 2018 is a Diesel car with Automatic transmission. It is known for its reliability and performance, making it a popular choice for drivers."
Hyundai,Corolla 2022,21959,Electric,Automatic,"The Hyundai Corolla 2022 is a Electric car with Automatic transmission. It is known for its reliability and performance, making it a popular choice for drivers."
Ford,Corolla 2019,36539,Petrol,Manual,"The Ford Corolla 2019 is a Petrol car with Manual transmission. It is known for its reliability and performance, making it a popular choice for drivers."
Honda,Corolla 2022,42430,Diesel,Automatic,"The Honda Corolla 2022 is a Diesel car with Automatic transmission. It is known for its reliability and performance, making it a popular choice for drivers."
Tesla,Corolla 2020,33801,Electric,Automatic,"The Tesla Corolla 2020 is a Electric car with Automatic transmission. It is known for its reliability and performance, making it a popular choice for drivers."
Audi,Altima 2023,34798,Electric,Manual,"The Audi Altima 2023 is a Electric car with Manual transmission. It is known for its reliability and performance, making it a popular choice for drivers."
Tesla,X5 2018,32442,Petrol,Manual,"The Tesla X5 2018 is a Petrol car with Manual transmission. It is known for its reliability and performance, making it a popular choice for drivers."
Toyota,Golf 2023,20931,Electric,Automatic,"The Toyota Golf 2023 is a Electric car with Automatic transmission. It is known for its reliability and performance, making it a popular choice for drivers."
Honda,Altima 2018,64463,Diesel,Automatic,"The Honda Altima 2018 is a Diesel car with Automatic transmission. It is known for its reliability and performance, making it a popular choice for drivers."
Audi,Model 3 2018,59547,Diesel,Automatic,"The Audi Model 3 2018 is a Diesel car with Automatic transmission. It is known for its reliability and performance, making it a popular choice for drivers."
Honda,A4 2022,42892,Petrol,Manual,"The Honda A4 2022 is a Petrol car with Manual transmission. It is known for its reliability and performance, making it a popular choice for drivers."
Mercedes,Model 3 2021,31613,Diesel,Automatic,"The Mercedes Model 3 2021 is a Diesel car with Automatic transmission. It is known for its reliability and performance, making it a popular choice for drivers."
Hyundai,Altima 2018,69795,Petrol,Manual,"The Hyundai Altima 2018 is a Petrol car with Manual transmission. It is known for its reliability and performance, making it a popular choice for drivers."
Toyota,Elantra 2022,15411,Petrol,Automatic,"The Toyota Elantra 2022 is a Petrol car with Automatic transmission. It is known for its reliability and performance, making it a popular choice for drivers."
Nissan,Altima 2020,41160,Petrol,Automatic,"The Nissan Altima 2020 is a Petrol car with Automatic transmission. It is known for its reliability and performance, making it a popular choice for drivers."
BMW,Golf 2019,18824,Diesel,Manual,"The BMW Golf 2019 is a Diesel car with Manual transmission. It is known for its reliability and performance, making it a popular choice for drivers."
Mercedes,Model 3 2022,24443,Electric,Manual,"The Mercedes Model 3 2022 is a Electric car with Manual transmission. It is known for its reliability and performance, making it a popular choice for drivers."
BMW,A4 2022,23108,Diesel,Manual,"The BMW A4 2022 is a Diesel car with Manual transmission. It is known for its reliability and performance, making it a popular choice for drivers."
Audi,Civic 2019,18951,Electric,Automatic,"The Audi Civic 2019 is a Electric car with Automatic transmission. It is known for its reliability and performance, making it a popular choice for drivers."
Audi,Elantra 2022,42258,Diesel,Automatic,"The Audi Elantra 2022 is a Diesel car with Automatic transmission. It is known for its reliability and performance, making it a popular choice for drivers."
Honda,Corolla 2023,51498,Petrol,Manual,"The Honda Corolla 2023 is a Petrol car with Manual transmission. It is known for its reliability and performance, making it a popular choice for drivers."
Honda,Golf 2022,18196,Petrol,Automatic,"The Honda Golf 2022 is a Petrol car with Automatic transmission. It is known for its reliability and performance, making it a popular choice for drivers."
Nissan,Model 3 2019,33176,Diesel,Manual,"The Nissan Model 3 2019 is a Diesel car with Manual transmission. It is known for its reliability and performance, making it a popular choice for drivers."
Audi,C-Class 2019,61216,Diesel,Automatic,"The Audi C-Class 2019 is a Diesel car with Automatic transmission. It is known for its reliability and performance, making it a popular choice for drivers."
Toyota,Model 3 2022,56852,Petrol,Manual,"The Toyota Model 3 2022 is a Petrol car with Manual transmission. It is known for its reliability and performance, making it a popular choice for drivers."
BMW,X5 2018,20310,Petrol,Manual,"The BMW X5 2018 is a Petrol car with Manual transmission. It is known for its reliability and performance, making it a popular choice for drivers."
Mercedes,Altima 2018,43965,Electric,Automatic,"The Mercedes Altima 2018 is a Electric car with Automatic transmission. It is known for its reliability and performance, making it a popular choice for drivers."
Nissan,Model 3 2022,47693,Diesel,Manual,"The Nissan Model 3 2022 is a Diesel car with Manual transmission. It is known for its reliability and performance, making it a popular choice for drivers."
Mercedes,C-Class 2022,29306,Petrol,Manual,"The Mercedes C-Class 2022 is a Petrol car with Manual transmission. It is known for its reliability and performance, making it a popular choice for drivers."
BMW,Corolla 2020,59557,Electric,Automatic,"The BMW Corolla 2020 is a Electric car with Automatic transmission. It is known for its reliability and performance, making it a popular choice for drivers."
Tesla,C-Class 2022,53926,Electric,Manual,"The Tesla C-Class 2022 is a Electric car with Manual transmission. It is known for its reliability and performance, making it a popular choice for drivers."
BMW,A4 2019,29715,Electric,Automatic,"The BMW A4 2019 is a Electric car with Automatic transmission. It is known for its reliability and performance, making it a popular choice for drivers."
Audi,C-Class 2019,27011,Petrol,Manual,"The Audi C-Class 2019 is a Petrol car with Manual transmission. It is known for its reliability and performance, making it a popular choice for drivers."
Tesla,Civic 2022,40609,Diesel,Automatic,"The Tesla Civic 2022 is a Diesel car with Automatic transmission. It is known for its reliability and performance, making it a popular choice for drivers."
Honda,Corolla 2021,64150,Petrol,Automatic,"The Honda Corolla 2021 is a Petrol car with Automatic transmission. It is known for its reliability and performance, making it a popular choice for drivers."
Audi,Mustang 2022,36736,Electric,Automatic,"The Audi Mustang 2022 is a Electric car with Automatic transmission. It is known for its reliability and performance, making it a popular choice for drivers."
Hyundai,C-Class 2019,43823,Petrol,Manual,"The Hyundai C-Class 2019 is a Petrol car with Manual transmission. It is known for its reliability and performance, making it a popular choice for drivers."
Volkswagen,Golf 2019,31301,Electric,Manual,"The Volkswagen Golf 2019 is a Electric car with Manual transmission. It is known for its reliability and performance, making it a popular choice for drivers."
Audi,X5 2018,46010,Electric,Automatic,"The Audi X5 2018 is a Electric car with Automatic transmission. It is known for its reliability and performance, making it a popular choice for drivers."
Volkswagen,Model 3 2019,15646,Petrol,Automatic,"The Volkswagen Model 3 2019 is a Petrol car with Automatic transmission. It is known for its reliability and performance, making it a popular choice for drivers."
Volkswagen,Golf 2020,61723,Petrol,Automatic,"The Volkswagen Golf 2020 is a Petrol car with Automatic transmission. It is known for its reliability and performance, making it a popular choice for drivers."
Tesla,Golf 2020,53189,Petrol,Manual,"The Tesla Golf 2020 is a Petrol car with Manual transmission. It is known for its reliability and performance, making it a popular choice for drivers."
Ford,Mustang 2022,33360,Diesel,Manual,"The Ford Mustang 2022 is a Diesel car with Manual transmission. It is known for its reliability and performance, making it a popular choice for drivers."
Mercedes,C-Class 2018,58393,Diesel,Automatic,"The Mercedes C-Class 2018 is a Diesel car with Automatic transmission. It is known for its reliability and performance, making it a popular choice for drivers."
Honda,X5 2018,61089,Petrol,Manual,"The Honda X5 2018 is a Petrol car with Manual transmission. It is known for its reliability and performance, making it a popular choice for drivers."
Mercedes,C-Class 2022,27496,Diesel,Manual,"The Mercedes C-Class 2022 is a Diesel car with Manual transmission. It is known for its reliability and performance, making it a popular choice for drivers."
Hyundai,Altima 2018,62263,Petrol,Manual,"The Hyundai Altima 2018 is a Petrol car with Manual transmission. It is known for its reliability and performance, making it a popular choice for drivers."
Honda,A4 2018,67345,Diesel,Manual,"The Honda A4 2018 is a Diesel car with Manual transmission. It is known for its reliability and performance, making it a popular choice for drivers."
Toyota,Model 3 2020,22558,Electric,Manual,"The Toyota Model 3 2020 is a Electric car with Manual transmission. It is known for its reliability and performance, making it a popular choice for drivers."
Hyundai,Golf 2023,35853,Diesel,Automatic,"The Hyundai Golf 2023 is a Diesel car with Automatic transmission. It is known for its reliability and performance, making it a popular choice for drivers."
Toyota,Civic 2023,41337,Diesel,Manual,"The Toyota Civic 2023 is a Diesel car with Manual transmission. It is known for its reliability and performance, making it a popular choice for drivers."
Honda,Mustang 2019,53685,Diesel,Automatic,"The Honda Mustang 2019 is a Diesel car with Automatic transmission. It is known for its reliability and performance, making it a popular choice for drivers."
Hyundai,Mustang 2019,27801,Diesel,Manual,"The Hyundai Mustang 2019 is a Diesel car with Manual transmission. It is known for its reliability and performance, making it a popular choice for drivers."
Mercedes,Civic 2018,49548,Electric,Manual,"The Mercedes Civic 2018 is a Electric car with Manual transmission. It is known for its reliability and performance, making it a popular choice for drivers."
Audi,Mustang 2018,50965,Petrol,Automatic,"The Audi Mustang 2018 is a Petrol car with Automatic transmission. It is known for its reliability and performance, making it a popular choice for drivers."
Honda,Civic 2023,24753,Electric,Manual,"The Honda Civic 2023 is a Electric car with Manual transmission. It is known for its reliability and performance, making it a popular choice for drivers."
Tesla,Altima 2020,32176,Diesel,Manual,"The Tesla Altima 2020 is a Diesel car with Manual transmission. It is known for its reliability and performance, making it a popular choice for drivers."
Tesla,Altima 2023,62451,Petrol,Manual,"The Tesla Altima 2023 is a Petrol car with Manual transmission. It is known for its reliability and performance, making it a popular choice for drivers."
Honda,Golf 2020,52902,Diesel,Automatic,"The Honda Golf 2020 is a Diesel car with Automatic transmission. It is known for its reliability and performance, making it a popular choice for drivers."
Nissan,Corolla 2021,44019,Electric,Manual,"The Nissan Corolla 2021 is a Electric car with Manual transmission. It is known for its reliability and performance, making it a popular choice for drivers."
Toyota,Elantra 2020,41656,Diesel,Manual,"The Toyota Elantra 2020 is a Diesel car with Manual transmission. It is known for its reliability and performance, making it a popular choice for drivers."
Mercedes,Model 3 2018,21246,Petrol,Automatic,"The Mercedes Model 3 2018 is a Petrol car with Automatic transmission. It is known for its reliability and performance, making it a popular choice for drivers."
Honda,Corolla 2023,20212,Petrol,Automatic,"The Honda Corolla 2023 is a Petrol car with Automatic transmission. It is known for its reliability and performance, making it a popular choice for drivers."
BMW,Model 3 2020,53576,Electric,Automatic,"The BMW Model 3 2020 is a Electric car with Automatic transmission. It is known for its reliability and performance, making it a popular choice for drivers."
Audi,Civic 2018,57109,Petrol,Manual,"The Audi Civic 2018 is a Petrol car with Manual transmission. It is known for its reliability and performance, making it a popular choice for drivers."
Mercedes,A4 2021,44372,Electric,Manual,"The Mercedes A4 2021 is a Electric car with Manual transmission. It is known for its reliability and performance, making it a popular choice for drivers."
Tesla,Altima 2020,68676,Petrol,Manual,"The Tesla Altima 2020 is a Petrol car with Manual transmission. It is known for its reliability and performance, making it a popular choice for drivers."
Hyundai,Golf 2020,58753,Electric,Automatic,"The Hyundai Golf 2020 is a Electric car with Automatic transmission. It is known for its reliability and performance, making it a popular choice for drivers."
Tesla,Civic 2021,18906,Electric,Automatic,"The Tesla Civic 2021 is a Electric car with Automatic transmission. It is known for its reliability and performance, making it a popular choice for drivers."
Volkswagen,Elantra 2023,18983,Diesel,Manual,"The Volkswagen Elantra 2023 is a Diesel car with Manual transmission. It is known for its reliability and performance, making it a popular choice for drivers."
Volkswagen,Elantra 2019,20492,Petrol,Automatic,"The Volkswagen Elantra 2019 is a Petrol car with Automatic transmission. It is known for its reliability and performance, making it a popular choice for drivers."
Tesla,A4 2019,39668,Electric,Automatic,"The Tesla A4 2019 is a Electric car with Automatic transmission. It is known for its reliability and performance, making it a popular choice for drivers."
Volkswagen,Altima 2021,60845,Petrol,Manual,"The Volkswagen Altima 2021 is a Petrol car with Manual transmission. It is known for its reliability and performance, making it a popular choice for drivers."
Audi,Altima 2018,67994,Petrol,Manual,"The Audi Altima 2018 is a Petrol car with Manual transmission. It is known for its reliability and performance, making it a popular choice for drivers."
Mercedes,A4 2018,38434,Petrol,Manual,"The Mercedes A4 2018 is a Petrol car with Manual transmission. It is known for its reliability and performance, making it a popular choice for drivers."
Tesla,Elantra 2023,44365,Petrol,Automatic,"The Tesla Elantra 2023 is a Petrol car with Automatic transmission. It is known for its reliability and performance, making it a popular choice for drivers."
Nissan,C-Class 2023,61392,Electric,Automatic,"The Nissan C-Class 2023 is a Electric car with Automatic transmission. It is known for its reliability and performance, making it a popular choice for drivers."
Ford,Corolla 2023,19495,Electric,Automatic,"The Ford Corolla 2023 is a Electric car with Automatic transmission. It is known for its reliability and performance, making it a popular choice for drivers."
Audi,Elantra 2022,40501,Diesel,Automatic,"The Audi Elantra 2022 is a Diesel car with Automatic transmission. It is known for its reliability and performance, making it a popular choice for drivers."
Nissan,Corolla 2023,40251,Electric,Automatic,"The Nissan Corolla 2023 is a Electric car with Automatic transmission. It is known for its reliability and performance, making it a popular choice for drivers."
BMW,Corolla 2021,21395,Diesel,Manual,"The BMW Corolla 2021 is a Diesel car with Manual transmission. It is known for its reliability and performance, making it a popular choice for drivers."
Toyota,Golf 2022,68571,Diesel,Automatic,"The Toyota Golf 2022 is a Diesel car with Automatic transmission. It is known for its reliability and performance, making it a popular choice for drivers."
Volkswagen,Elantra 2018,31068,Petrol,Automatic,"The Volkswagen Elantra 2018 is a Petrol car with Automatic transmission. It is known for its reliability and performance, making it a popular choice for drivers."
Audi,C-Class 2022,16478,Electric,Manual,"The Audi C-Class 2022 is a Electric car with Manual transmission. It is known for its reliability and performance, making it a popular choice for drivers."
Ford,Elantra 2022,62446,Petrol,Automatic,"The Ford Elantra 2022 is a Petrol car with Automatic transmission. It is known for its reliability and performance, making it a popular choice for drivers."
Audi,C-Class 2018,64080,Petrol,Manual,"The Audi C-Class 2018 is a Petrol car with Manual transmission. It is known for its reliability and performance, making it a popular choice for drivers."
BMW,Mustang 2020,22694,Diesel,Automatic,"The BMW Mustang 2020 is a Diesel car with Automatic transmission. It is known for its reliability and performance, making it a popular choice for drivers."
Volkswagen,C-Class 2018,48399,Diesel,Automatic,"The Volkswagen C-Class 2018 is a Diesel car with Automatic transmission. It is known for its reliability and performance, making it a popular choice for drivers."
Ford,X5 2022,35404,Petrol,Manual,"The Ford X5 2022 is a Petrol car with Manual transmission. It is known for its reliability and performance, making it a popular choice for drivers."
Ford,Corolla 2021,42866,Electric,Automatic,"The Ford Corolla 2021 is a Electric car with Automatic transmission. It is known for its reliability and performance, making it a popular choice for drivers."
Audi,Civic 2023,31127,Petrol,Automatic,"The Audi Civic 2023 is a Petrol car with Automatic transmission. It is known for its reliability and performance, making it a popular choice for drivers."
Honda,Mustang 2020,21805,Electric,Automatic,"The Honda Mustang 2020 is a Electric car with Automatic transmission. It is known for its reliability and performance, making it a popular choice for drivers."
Volkswagen,Corolla 2021,29060,Petrol,Manual,"The Volkswagen Corolla 2021 is a Petrol car with Manual transmission. It is known for its reliability and performance, making it a popular choice for drivers."
BMW,X5 2018,42105,Petrol,Manual,"The BMW X5 2018 is a Petrol car with Manual transmission. It is known for its reliability and performance, making it a popular choice for drivers."
Volkswagen,Civic 2022,17185,Diesel,Automatic,"The Volkswagen Civic 2022 is a Diesel car with Automatic transmission. It is known for its reliability and performance, making it a popular choice for drivers."
Ford,C-Class 2023,34498,Electric,Automatic,"The Ford C-Class 2023 is a Electric car with Automatic transmission. It is known for its reliability and performance, making it a popular choice for drivers."
Volkswagen,Golf 2020,62394,Electric,Manual,"The Volkswagen Golf 2020 is a Electric car with Manual transmission. It is known for its reliability and performance, making it a popular choice for drivers."
BMW,Mustang 2019,23042,Diesel,Manual,"The BMW Mustang 2019 is a Diesel car with Manual transmission. It is known for its reliability and performance, making it a popular choice for drivers."
Mercedes,C-Class 2020,63651,Petrol,Manual,"The Mercedes C-Class 2020 is a Petrol car with Manual transmission. It is known for its reliability and performance, making it a popular choice for drivers."
Tesla,Mustang 2022,49926,Petrol,Automatic,"The Tesla Mustang 2022 is a Petrol car with Automatic transmission. It is known for its reliability and performance, making it a popular choice for drivers."
Ford,C-Class 2018,47914,Petrol,Automatic,"The Ford C-Class 2018 is a Petrol car with Automatic transmission. It is known for its reliability and performance, making it a popular choice for drivers."
Tesla,X5 2023,57174,Electric,Automatic,"The Tesla X5 2023 is a Electric car with Automatic transmission. It is known for its reliability and performance, making it a popular choice for drivers."
BMW,A4 2023,53483,Petrol,Automatic,"The BMW A4 2023 is a Petrol car with Automatic transmission. It is known for its reliability and performance, making it a popular choice for drivers."
Honda,Model 3 2023,52401,Diesel,Manual,"The Honda Model 3 2023 is a Diesel car with Manual transmission. It is known for its reliability and performance, making it a popular choice for drivers."
Toyota,Golf 2019,18088,Electric,Manual,"The Toyota Golf 2019 is a Electric car with Manual transmission. It is known for its reliability and performance, making it a popular choice for drivers."
Hyundai,Elantra 2020,32267,Petrol,Manual,"The Hyundai Elantra 2020 is a Petrol car with Manual transmission. It is known for its reliability and performance, making it a popular choice for drivers."
Nissan,Altima 2019,28407,Diesel,Automatic,"The Nissan Altima 2019 is a Diesel car with Automatic transmission. It is known for its reliability and performance, making it a popular choice for drivers."
Nissan,Golf 2022,36617,Diesel,Automatic,"The Nissan Golf 2022 is a Diesel car with Automatic transmission. It is known for its reliability and performance, making it a popular choice for drivers."
BMW,Elantra 2023,59437,Electric,Manual,"The BMW Elantra 2023 is a Electric car with Manual transmission. It is known for its reliability and performance, making it a popular choice for drivers."
Tesla,Golf 2020,29108,Diesel,Automatic,"The Tesla Golf 2020 is a Diesel car with Automatic transmission. It is known for its reliability and performance, making it a popular choice for drivers."
Toyota,Elantra 2020,53540,Petrol,Automatic,"The Toyota Elantra 2020 is a Petrol car with Automatic transmission. It is known for its reliability and performance, making it a popular choice for drivers."
Volkswagen,Mustang 2022,49652,Diesel,Manual,"The Volkswagen Mustang 2022 is a Diesel car with Manual transmission. It is known for its reliability and performance, making it a popular choice for drivers."
Mercedes,Corolla 2018,51972,Petrol,Automatic,"The Mercedes Corolla 2018 is a Petrol car with Automatic transmission. It is known for its reliability and performance, making it a popular choice for drivers."
Tesla,Elantra 2020,68420,Diesel,Manual,"The Tesla Elantra 2020 is a Diesel car with Manual transmission. It is known for its reliability and performance, making it a popular choice for drivers."
Audi,Mustang 2022,33260,Diesel,Manual,"The Audi Mustang 2022 is a Diesel car with Manual transmission. It is known for its reliability and performance, making it a popular choice for drivers."
Volkswagen,Corolla 2019,47368,Electric,Manual,"The Volkswagen Corolla 2019 is a Electric car with Manual transmission. It is known for its reliability and performance, making it a popular choice for drivers."
Ford,Corolla 2023,68326,Petrol,Manual,"The Ford Corolla 2023 is a Petrol car with Manual transmission. It is known for its reliability and performance, making it a popular choice for drivers."
Ford,Model 3 2018,52965,Electric,Manual,"The Ford Model 3 2018 is a Electric car with Manual transmission. It is known for its reliability and performance, making it a popular choice for drivers."
Ford,Civic 2022,64100,Petrol,Manual,"The Ford Civic 2022 is a Petrol car with Manual transmission. It is known for its reliability and performance, making it a popular choice for drivers."
Hyundai,A4 2018,46013,Petrol,Manual,"The Hyundai A4 2018 is a Petrol car with Manual transmission. It is known for its reliability and performance, making it a popular choice for drivers."
Audi,A4 2023,50513,Diesel,Manual,"The Audi A4 2023 is a Diesel car with Manual transmission. It is known for its reliability and performance, making it a popular choice for drivers."
Nissan,Corolla 2020,48348,Electric,Automatic,"The Nissan Corolla 2020 is a Electric car with Automatic transmission. It is known for its reliability and performance, making it a popular choice for drivers."
Mercedes,Golf 2022,62546,Petrol,Manual,"The Mercedes Golf 2022 is a Petrol car with Manual transmission. It is known for its reliability and performance, making it a popular choice for drivers."
Audi,Elantra 2019,66640,Electric,Manual,"The Audi Elantra 2019 is a Electric car with Manual transmission. It is known for its reliability and performance, making it a popular choice for drivers."
BMW,Civic 2019,23268,Petrol,Automatic,"The BMW Civic 2019 is a Petrol car with Automatic transmission. It is known for its reliability and performance, making it a popular choice for drivers."
BMW,Model 3 2020,67970,Petrol,Manual,"The BMW Model 3 2020 is a Petrol car with Manual transmission. It is known for its reliability and performance, making it a popular choice for drivers."
Tesla,C-Class 2019,58632,Diesel,Automatic,"The Tesla C-Class 2019 is a Diesel car with Automatic transmission. It is known for its reliability and performance, making it a popular choice for drivers."
Audi,Elantra 2018,38763,Diesel,Manual,"The Audi Elantra 2018 is a Diesel car with Manual transmission. It is known for its reliability and performance, making it a popular choice for drivers."
Hyundai,A4 2023,36541,Petrol,Manual,"The Hyundai A4 2023 is a Petrol car with Manual transmission. It is known for its reliability and performance, making it a popular choice for drivers."
Mercedes,Model 3 2023,28680,Electric,Automatic,"The Mercedes Model 3 2023 is a Electric car with Automatic transmission. It is known for its reliability and performance, making it a popular choice for drivers."
Toyota,X5 2021,47669,Petrol,Manual,"The Toyota X5 2021 is a Petrol car with Manual transmission. It is known for its reliability and performance, making it a popular choice for drivers."
Audi,Mustang 2022,33045,Electric,Automatic,"The Audi Mustang 2022 is a Electric car with Automatic transmission. It is known for its reliability and performance, making it a popular choice for drivers."
Tesla,Mustang 2023,15996,Petrol,Manual,"The Tesla Mustang 2023 is a Petrol car with Manual transmission. It is known for its reliability and performance, making it a popular choice for drivers."
Mercedes,X5 2020,59421,Petrol,Automatic,"The Mercedes X5 2020 is a Petrol car with Automatic transmission. It is known for its reliability and performance, making it a popular choice for drivers."
Volkswagen,Civic 2020,61428,Electric,Manual,"The Volkswagen Civic 2020 is a Electric car with Manual transmission. It is known for its reliability and performance, making it a popular choice for drivers."
Nissan,Model 3 2019,58063,Diesel,Manual,"The Nissan Model 3 2019 is a Diesel car with Manual transmission. It is known for its reliability and performance, making it a popular choice for drivers."
BMW,Elantra 2023,44502,Electric,Manual,"The BMW Elantra 2023 is a Electric car with Manual transmission. It is known for its reliability and performance, making it a popular choice for drivers."
Tesla,Mustang 2022,18035,Petrol,Manual,"The Tesla Mustang 2022 is a Petrol car with Manual transmission. It is known for its reliability and performance, making it a popular choice for drivers."
Toyota,X5 2019,31596,Petrol,Manual,"The Toyota X5 2019 is a Petrol car with Manual transmission. It is known for its reliability and performance, making it a popular choice for drivers."
Honda,Elantra 2019,16725,Electric,Manual,"The Honda Elantra 2019 is a Electric car with Manual transmission. It is known for its reliability and performance, making it a popular choice for drivers."
Nissan,C-Class 2023,68791,Petrol,Manual,"The Nissan C-Class 2023 is a Petrol car with Manual transmission. It is known for its reliability and performance, making it a popular choice for drivers."
Honda,Elantra 2021,31882,Petrol,Manual,"The Honda Elantra 2021 is a Petrol car with Manual transmission. It is known for its reliability and performance, making it a popular choice for drivers."
Volkswagen,Civic 2022,32063,Electric,Automatic,"The Volkswagen Civic 2022 is a Electric car with Automatic transmission. It is known for its reliability and performance, making it a popular choice for drivers."
Ford,Elantra 2021,47802,Electric,Automatic,"The Ford Elantra 2021 is a Electric car with Automatic transmission. It is known for its reliability and performance, making it a popular choice for drivers."
Nissan,Golf 2020,44757,Diesel,Manual,"The Nissan Golf 2020 is a Diesel car with Manual transmission. It is known for its reliability and performance, making it a popular choice for drivers."
Honda,Mustang 2018,58329,Electric,Manual,"The Honda Mustang 2018 is a Electric car with Manual transmission. It is known for its reliability and performance, making it a popular choice for drivers."
Tesla,Model 3 2022,30275,Diesel,Manual,"The Tesla Model 3 2022 is a Diesel car with Manual transmission. It is known for its reliability and performance, making it a popular choice for drivers."
Honda,Model 3 2020,46792,Petrol,Automatic,"The Honda Model 3 2020 is a Petrol car with Automatic transmission. It is known for its reliability and performance, making it a popular choice for drivers."
Mercedes,X5 2022,38778,Petrol,Automatic,"The Mercedes X5 2022 is a Petrol car with Automatic transmission. It is known for its reliability and performance, making it a popular choice for drivers."
Honda,Civic 2023,18055,Electric,Automatic,"The Honda Civic 2023 is a Electric car with Automatic transmission. It is known for its reliability and performance, making it a popular choice for drivers."
Ford,A4 2023,67814,Electric,Automatic,"The Ford A4 2023 is a Electric car with Automatic transmission. It is known for its reliability and performance, making it a popular choice for drivers."
Nissan,Elantra 2023,18798,Petrol,Manual,"The Nissan Elantra 2023 is a Petrol car with Manual transmission. It is known for its reliability and performance, making it a popular choice for drivers."
Toyota,Mustang 2019,16728,Petrol,Manual,"The Toyota Mustang 2019 is a Petrol car with Manual transmission. It is known for its reliability and performance, making it a popular choice for drivers."
Tesla,Elantra 2018,33369,Electric,Manual,"The Tesla Elantra 2018 is a Electric car with Manual transmission. It is known for its reliability and performance, making it a popular choice for drivers."
Ford,Altima 2020,59617,Diesel,Manual,"The Ford Altima 2020 is a Diesel car with Manual transmission. It is known for its reliability and performance, making it a popular choice for drivers."
BMW,X5 2023,35790,Diesel,Manual,"The BMW X5 2023 is a Diesel car with Manual transmission. It is known for its reliability and performance, making it a popular choice for drivers."
Hyundai,Golf 2022,39402,Petrol,Manual,"The Hyundai Golf 2022 is a Petrol car with Manual transmission. It is known for its reliability and performance, making it a popular choice for drivers."
Nissan,Elantra 2022,25585,Petrol,Manual,"The Nissan Elantra 2022 is a Petrol car with Manual transmission. It is known for its reliability and performance, making it a popular choice for drivers."
Ford,Civic 2020,22902,Petrol,Manual,"The Ford Civic 2020 is a Petrol car with Manual transmission. It is known for its reliability and performance, making it a popular choice for drivers."
Ford,Mustang 2023,62668,Diesel,Manual,"The Ford Mustang 2023 is a Diesel car with Manual transmission. It is known for its reliability and performance, making it a popular choice for drivers."
BMW,X5 2022,69204,Electric,Automatic,"The BMW X5 2022 is a Electric car with Automatic transmission. It is known for its reliability and performance, making it a popular choice for drivers."
Toyota,Golf 2021,69973,Petrol,Manual,"The Toyota Golf 2021 is a Petrol car with Manual transmission. It is known for its reliability and performance, making it a popular choice for drivers."
Tesla,Corolla 2022,26745,Diesel,Manual,"The Tesla Corolla 2022 is a Diesel car with Manual transmission. It is known for its reliability and performance, making it a popular choice for drivers."
Hyundai,C-Class 2018,60811,Petrol,Manual,"The Hyundai C-Class 2018 is a Petrol car with Manual transmission. It is known for its reliability and performance, making it a popular choice for drivers."
Honda,Mustang 2022,36368,Petrol,Manual,"The Honda Mustang 2022 is a Petrol car with Manual transmission. It is known for its reliability and performance, making it a popular choice for drivers."
Honda,Mustang 2020,55467,Diesel,Manual,"The Honda Mustang 2020 is a Diesel car with Manual transmission. It is known for its reliability and performance, making it a popular choice for drivers."
BMW,A4 2018,43151,Electric,Manual,"The BMW A4 2018 is a Electric car with Manual transmission. It is known for its reliability and performance, making it a popular choice for drivers."
Toyota,Elantra 2023,28071,Electric,Automatic,"The Toyota Elantra 2023 is a Electric car with Automatic transmission. It is known for its reliability and performance, making it a popular choice for drivers."
Ford,A4 2018,31364,Diesel,Automatic,"The Ford A4 2018 is a Diesel car with Automatic transmission. It is known for its reliability and performance, making it a popular choice for drivers."
Mercedes,Golf 2021,52748,Electric,Automatic,"The Mercedes Golf 2021 is a Electric car with Automatic transmission. It is known for its reliability and performance, making it a popular choice for drivers."
Mercedes,Model 3 2018,69503,Diesel,Automatic,"The Mercedes Model 3 2018 is a Diesel car with Automatic transmission. It is known for its reliability and performance, making it a popular choice for drivers."
Honda,Golf 2018,49491,Diesel,Manual,"The Honda Golf 2018 is a Diesel car with Manual transmission. It is known for its reliability and performance, making it a popular choice for drivers."
Nissan,Mustang 2020,31276,Petrol,Automatic,"The Nissan Mustang 2020 is a Petrol car with Automatic transmission. It is known for its reliability and performance, making it a popular choice for drivers."
Volkswagen,Model 3 2021,59655,Electric,Automatic,"The Volkswagen Model 3 2021 is a Electric car with Automatic transmission. It is known for its reliability and performance, making it a popular choice for drivers."
Hyundai,X5 2018,20350,Petrol,Automatic,"The Hyundai X5 2018 is a Petrol car with Automatic transmission. It is known for its reliability and performance, making it a popular choice for drivers."
Honda,Altima 2021,62010,Petrol,Manual,"The Honda Altima 2021 is a Petrol car with Manual transmission. It is known for its reliability and performance, making it a popular choice for drivers."
Toyota,Altima 2018,20349,Petrol,Automatic,"The Toyota Altima 2018 is a Petrol car with Automatic transmission. It is known for its reliability and performance, making it a popular choice for drivers."
Ford,Corolla 2020,36765,Electric,Manual,"The Ford Corolla 2020 is a Electric car with Manual transmission. It is known for its reliability and performance, making it a popular choice for drivers."
Audi,Corolla 2022,28985,Petrol,Manual,"The Audi Corolla 2022 is a Petrol car with Manual transmission. It is known for its reliability and performance, making it a popular choice for drivers."
Volkswagen,Civic 2020,57595,Electric,Automatic,"The Volkswagen Civic 2020 is a Electric car with Automatic transmission. It is known for its reliability and performance, making it a popular choice for drivers."
BMW,Civic 2019,44891,Diesel,Automatic,"The BMW Civic 2019 is a Diesel car with Automatic transmission. It is known for its reliability and performance, making it a popular choice for drivers."
Audi,Golf 2021,16193,Diesel,Automatic,"The Audi Golf 2021 is a Diesel car with Automatic transmission. It is known for its reliability and performance, making it a popular choice for drivers."
Ford,Elantra 2021,37284,Petrol,Manual,"The Ford Elantra 2021 is a Petrol car with Manual transmission. It is known for its reliability and performance, making it a popular choice for drivers."
Toyota,Civic 2020,24643,Diesel,Automatic,"The Toyota Civic 2020 is a Diesel car with Automatic transmission. It is known for its reliability and performance, making it a popular choice for drivers."
Mercedes,Elantra 2018,41171,Diesel,Automatic,"The Mercedes Elantra 2018 is a Diesel car with Automatic transmission. It is known for its reliability and performance, making it a popular choice for drivers."
Tesla,Golf 2023,24850,Diesel,Manual,"The Tesla Golf 2023 is a Diesel car with Manual transmission. It is known for its reliability and performance, making it a popular choice for drivers."
Audi,Model 3 2023,63049,Electric,Automatic,"The Audi Model 3 2023 is a Electric car with Automatic transmission. It is known for its reliability and performance, making it a popular choice for drivers."
Volkswagen,A4 2022,33183,Diesel,Manual,"The Volkswagen A4 2022 is a Diesel car with Manual transmission. It is known for its reliability and performance, making it a popular choice for drivers."
Toyota,Civic 2021,61639,Petrol,Manual,"The Toyota Civic 2021 is a Petrol car with Manual transmission. It is known for its reliability and performance, making it a popular choice for drivers."
Hyundai,Corolla 2022,54224,Electric,Manual,"The Hyundai Corolla 2022 is a Electric car with Manual transmission. It is known for its reliability and performance, making it a popular choice for drivers."
Tesla,X5 2018,53031,Petrol,Manual,"The Tesla X5 2018 is a Petrol car with Manual transmission. It is known for its reliability and performance, making it a popular choice for drivers."
Tesla,A4 2018,38249,Diesel,Manual,"The Tesla A4 2018 is a Diesel car with Manual transmission. It is known for its reliability and performance, making it a popular choice for drivers."
Hyundai,Corolla 2021,50986,Electric,Manual,"The Hyundai Corolla 2021 is a Electric car with Manual transmission. It is known for its reliability and performance, making it a popular choice for drivers."
Toyota,Corolla 2021,52256,Petrol,Automatic,"The Toyota Corolla 2021 is a Petrol car with Automatic transmission. It is known for its reliability and performance, making it a popular choice for drivers."
Toyota,A4 2019,52480,Diesel,Automatic,"The Toyota A4 2019 is a Diesel car with Automatic transmission. It is known for its reliability and performance, making it a popular choice for drivers."
Hyundai,Model 3 2020,56700,Diesel,Manual,"The Hyundai Model 3 2020 is a Diesel car with Manual transmission. It is known for its reliability and performance, making it a popular choice for drivers."
Toyota,Mustang 2019,28488,Petrol,Manual,"The Toyota Mustang 2019 is a Petrol car with Manual transmission. It is known for its reliability and performance, making it a popular choice for drivers."
Tesla,Civic 2021,52622,Petrol,Manual,"The Tesla Civic 2021 is a Petrol car with Manual transmission. It is known for its reliability and performance, making it a popular choice for drivers."
Ford,Mustang 2022,55248,Diesel,Manual,"The Ford Mustang 2022 is a Diesel car with Manual transmission. It is known for its reliability and performance, making it a popular choice for drivers."
Tesla,Altima 2020,40422,Petrol,Automatic,"The Tesla Altima 2020 is a Petrol car with Automatic transmission. It is known for its reliability and performance, making it a popular choice for drivers."
Ford,X5 2023,55088,Diesel,Manual,"The Ford X5 2023 is a Diesel car with Manual transmission. It is known for its reliability and performance, making it a popular choice for drivers."
BMW,Elantra 2018,37365,Electric,Manual,"The BMW Elantra 2018 is a Electric car with Manual transmission. It is known for its reliability and performance, making it a popular choice for drivers."
Nissan,C-Class 2020,27403,Electric,Manual,"The Nissan C-Class 2020 is a Electric car with Manual transmission. It is known for its reliability and performance, making it a popular choice for drivers."
Mercedes,Mustang 2022,69937,Petrol,Automatic,"The Mercedes Mustang 2022 is a Petrol car with Automatic transmission. It is known for its reliability and performance, making it a popular choice for drivers."
Mercedes,A4 2022,25633,Electric,Manual,"The Mercedes A4 2022 is a Electric car with Manual transmission. It is known for its reliability and performance, making it a popular choice for drivers."
Nissan,Elantra 2022,29984,Diesel,Automatic,"The Nissan Elantra 2022 is a Diesel car with Automatic transmission. It is known for its reliability and performance, making it a popular choice for drivers."
Honda,Civic 2023,66631,Diesel,Automatic,"The Honda Civic 2023 is a Diesel car with Automatic transmission. It is known for its reliability and performance, making it a popular choice for drivers."
Ford,X5 2018,64772,Diesel,Automatic,"The Ford X5 2018 is a Diesel car with Automatic transmission. It is known for its reliability and performance, making it a popular choice for drivers."
Volkswagen,Golf 2023,30408,Electric,Manual,"The Volkswagen Golf 2023 is a Electric car with Manual transmission. It is known for its reliability and performance, making it a popular choice for drivers."
Audi,A4 2022,68166,Electric,Automatic,"The Audi A4 2022 is a Electric car with Automatic transmission. It is known for its reliability and performance, making it a popular choice for drivers."
Audi,A4 2019,45811,Electric,Manual,"The Audi A4 2019 is a Electric car with Manual transmission. It is known for its reliability and performance, making it a popular choice for drivers."
Tesla,X5 2019,23432,Electric,Automatic,"The Tesla X5 2019 is a Electric car with Automatic transmission. It is known for its reliability and performance, making it a popular choice for drivers."
Hyundai,X5 2019,24767,Electric,Automatic,"The Hyundai X5 2019 is a Electric car with Automatic transmission. It is known for its reliability and performance, making it a popular choice for drivers."
Honda,Civic 2019,52954,Petrol,Manual,"The Honda Civic 2019 is a Petrol car with Manual transmission. It is known for its reliability and performance, making it a popular choice for drivers."
Audi,Corolla 2018,38758,Electric,Manual,"The Audi Corolla 2018 is a Electric car with Manual transmission. It is known for its reliability and performance, making it a popular choice for drivers."
Volkswagen,Mustang 2020,29247,Diesel,Manual,"The Volkswagen Mustang 2020 is a Diesel car with Manual transmission. It is known for its reliability and performance, making it a popular choice for drivers."
Tesla,Elantra 2020,42390,Diesel,Manual,"The Tesla Elantra 2020 is a Diesel car with Manual transmission. It is known for its reliability and performance, making it a popular choice for drivers."
Ford,A4 2020,62918,Diesel,Manual,"The Ford A4 2020 is a Diesel car with Manual transmission. It is known for its reliability and performance, making it a popular choice for drivers."
Hyundai,Golf 2020,52462,Petrol,Automatic,"The Hyundai Golf 2020 is a Petrol car with Automatic transmission. It is known for its reliability and performance, making it a popular choice for drivers."
BMW,Golf 2018,32624,Petrol,Manual,"The BMW Golf 2018 is a Petrol car with Manual transmission. It is known for its reliability and performance, making it a popular choice for drivers."
Honda,C-Class 2023,34167,Electric,Manual,"The Honda C-Class 2023 is a Electric car with Manual transmission. It is known for its reliability and performance, making it a popular choice for drivers."
Ford,Corolla 2019,66667,Diesel,Manual,"The Ford Corolla 2019 is a Diesel car with Manual transmission. It is known for its reliability and performance, making it a popular choice for drivers."
Hyundai,X5 2021,69044,Electric,Automatic,"The Hyundai X5 2021 is a Electric car with Automatic transmission. It is known for its reliability and performance, making it a popular choice for drivers."
Volkswagen,X5 2020,24556,Petrol,Automatic,"The Volkswagen X5 2020 is a Petrol car with Automatic transmission. It is known for its reliability and performance, making it a popular choice for drivers."
Nissan,A4 2018,42440,Electric,Manual,"The Nissan A4 2018 is a Electric car with Manual transmission. It is known for its reliability and performance, making it a popular choice for drivers."
BMW,Civic 2021,60427,Electric,Manual,"The BMW Civic 2021 is a Electric car with Manual transmission. It is known for its reliability and performance, making it a popular choice for drivers."
Nissan,Model 3 2022,18374,Electric,Manual,"The Nissan Model 3 2022 is a Electric car with Manual transmission. It is known for its reliability and performance, making it a popular choice for drivers."
